"","Term","Overlap","P.value","Adjusted.P.value","Old.P.value","Old.Adjusted.P.value","Odds.Ratio","Combined.Score","Genes"
"KEGG_2019_Mouse.3","Gastric acid secretion","4/74",2.05898073071345e-06,0.000207957053802058,0,0,43.2432432432432,566.196734639049,"CAMK2B;PRKCA;ATP1B1;CALM2"
"KEGG_2019_Mouse.2","Amphetamine addiction","4/68",1.46466106041836e-06,0.000221896150653382,0,0,47.0588235294118,632.182903545358,"CAMK2B;GRIA2;PRKCA;CALM2"
"KEGG_2019_Mouse.1","Long-term potentiation","4/67",1.37966309146353e-06,0.00041803791671345,0,0,47.7611940298507,644.473849562841,"CAMK2B;GRIA2;PRKCA;CALM2"
"KEGG_2019_Mouse.5","Aldosterone synthesis and secretion","4/102",7.42752096139925e-06,0.000450107770260794,0,0,31.3725490196078,370.519793175836,"CAMK2B;PRKCA;ATP1B1;CALM2"
"KEGG_2019_Mouse.4","Circadian entrainment","4/99",6.59608973633131e-06,0.000499653797527097,0,0,32.3232323232323,385.584922786275,"CAMK2B;GRIA2;PRKCA;CALM2"
"BioPlanet_2019.4","Nitric oxide signaling pathway","3/22",2.61535156957208e-06,0.000987295217513461,0,0,109.090909090909,1402.26676647852,"CAMK2B;PRKCA;CALM2"
"BioPlanet_2019.3","Gastric acid secretion","4/74",2.05898073071345e-06,0.0010363536344591,0,0,43.2432432432432,566.196734639049,"CAMK2B;PRKCA;ATP1B1;CALM2"
"KEGG_2019_Mouse.6","Dopaminergic synapse","4/135",2.24958266833633e-05,0.00113603924750984,0,0,23.7037037037037,253.681321403188,"CAMK2B;GRIA2;PRKCA;CALM2"
"BioPlanet_2019.2","Calcineurin in effects in keratinocyte differentiation","3/19",1.64970337744044e-06,0.00124552604996754,0,0,126.315789473684,1681.8840072582,"CAMK2B;PRKCA;CALM2"
"KEGG_2019_Mouse.7","Adrenergic signaling in cardiomyocytes","4/148",3.22693324227539e-05,0.00139680110344206,0,0,21.6216216216216,223.597691661724,"CAMK2B;PRKCA;ATP1B1;CALM2"
"BioPlanet_2019.5","Glutamate binding and activation of AMPA receptors and synaptic plasticity","3/30",6.84972761253867e-06,0.00206861773898668,0,0,80,951.304133685893,"CAMK2B;GRIA2;PRKCA"
"BioPlanet_2019.1","Long-term potentiation","4/70",1.64625554034716e-06,0.00248584586592422,0,0,45.7142857142857,608.777472843872,"CAMK2B;GRIA2;PRKCA;CALM2"
"BioPlanet_2019.6","MEF2D role in T cell apoptosis","3/35",1.09968297067839e-05,0.00276753547620728,0,0,68.5714285714286,782.941956698067,"CAMK2B;PRKCA;CALM2"
"BioPlanet_2019.7","Angiotensin II-mediated activation of JNK pathway via Pyk2-dependent signaling","3/39",1.53046994626045e-05,0.00330144231264754,0,0,61.5384615384615,682.298499834434,"CAMK2B;PRKCA;CALM2"
"BioPlanet_2019.8","Bioactive peptide-induced signaling pathway","3/41",1.78224510842978e-05,0.00336398764216121,0,0,58.5365853658537,640.100581379254,"CAMK2B;PRKCA;CALM2"
"KEGG_2019_Mouse.11","cAMP signaling pathway","4/211",0.000127993152125385,0.00352562955399924,0,0,15.1658767772512,135.939849016056,"CAMK2B;GRIA2;ATP1B1;CALM2"
"KEGG_2019_Mouse.10","Salivary secretion","3/78",0.000123370979579972,0.00373814068127315,0,0,30.7692307692308,276.932758391776,"PRKCA;ATP1B1;CALM2"
"KEGG_2019_Mouse.9","Cardiac muscle contraction","3/78",0.000123370979579972,0.00415348964585905,0,0,30.7692307692308,276.932758391776,"COX4I1;ATP1B1;COX7C"
"KEGG_2019_Mouse.8","Glioma","3/75",0.000109775078872098,0.00415773111228072,0,0,32,291.746464736897,"CAMK2B;PRKCA;CALM2"
"KEGG_2019_Mouse.12","Insulin secretion","3/86",0.000164872182593911,0.00416302261049626,0,0,27.906976744186,243.079256796468,"CAMK2B;PRKCA;ATP1B1"
"KEGG_2019_Mouse.13","GnRH signaling pathway","3/90",0.000188640231671939,0.00439676847666135,0,0,26.6666666666667,228.684503814913,"CAMK2B;PRKCA;CALM2"
"KEGG_2019_Mouse.15","Melanogenesis","3/100",0.000257514521493891,0.0052017933341766,0,0,24,198.346426687189,"CAMK2B;PRKCA;CALM2"
"KEGG_2019_Mouse.14","Phosphatidylinositol signaling system","3/98",0.000242619217141924,0.00525097305671451,0,0,24.4897959183673,203.853486154548,"INPP5J;PRKCA;CALM2"
"BioPlanet_2019.9","Calcium regulation in the cardiac cell","4/149",3.31316461736492e-05,0.00555875396913448,0,0,21.4765100671141,221.53066640706,"CAMK2B;PRKCA;ATP1B1;CALM2"
"Reactome_2016.2","Glutamate Binding, Activation of AMPA Receptors and Synaptic Plasticity Homo sapiens R-HSA-399721","3/31",7.57738069261954e-06,0.00579669622985395,0,0,77.4193548387097,912.800746303842,"CAMK2B;GRIA2;PRKCA"
"BioPlanet_2019.10","Downregulation of ERBB4 signaling","2/8",4.18072344425752e-05,0.00631289240082886,0,0,200,2016.48823212401,"UBB;RPS27A"
"Reactome_2016.47","Translesion synthesis by POLI Homo sapiens R-HSA-5656121","2/17",0.000201670316023283,0.00656501241522603,0,0,94.1176470588235,800.835415791252,"UBB;RPS27A"
"BioPlanet_2019.11","Activation of mRNA upon binding of the cap-binding complex and eIFs, and subsequent binding to 43S","3/57",4.82788493858134e-05,0.00662736932477984,0,0,42.1052631578947,418.463873436934,"RPS19;RPS8;RPS27A"
"Reactome_2016.42","Nonsense Mediated Decay (NMD) independent of the Exon Junction Complex (EJC) Homo sapiens R-HSA-975956","3/89",0.000182502557968733,0.006648307468861,0,0,26.9662921348315,232.145969495,"RPS19;RPS8;RPS27A"
"Reactome_2016.46","Translesion synthesis by POLK Homo sapiens R-HSA-5655862","2/17",0.000201670316023283,0.00670773007642659,0,0,94.1176470588235,800.835415791252,"UBB;RPS27A"
"Reactome_2016.41","Eukaryotic Translation Elongation Homo sapiens R-HSA-156842","3/89",0.000182502557968733,0.00681046130956493,0,0,26.9662921348315,232.145969495,"RPS19;RPS8;RPS27A"
"Reactome_2016.40","MAP3K8 (TPL2)-dependent MAPK1/3 activation Homo sapiens R-HSA-5684264","2/16",0.000178080648386699,0.00681158480079123,0,0,100,863.327402945816,"UBB;RPS27A"
"Reactome_2016.45","Trafficking of GluR2-containing AMPA receptors Homo sapiens R-HSA-416993","2/17",0.000201670316023283,0.00685679074479163,0,0,94.1176470588235,800.835415791252,"GRIA2;PRKCA"
"Reactome_2016.56","Signaling by EGFR in Cancer Homo sapiens R-HSA-1643713","2/19",0.000253182873478102,0.00691731779324099,0,0,84.2105263157895,697.380927180953,"UBB;RPS27A"
"Reactome_2016.43","PCP/CE pathway Homo sapiens R-HSA-4086400","3/91",0.000194910463273067,0.00693518625134401,0,0,26.3736263736264,225.309105957368,"UBB;PRKCA;RPS27A"
"Reactome_2016.50","Formation of a pool of free 40S subunits Homo sapiens R-HSA-72689","3/96",0.000228294035050002,0.00698579747253005,0,0,25,209.621903311318,"RPS19;RPS8;RPS27A"
"Reactome_2016.39","Spry regulation of FGF signaling Homo sapiens R-HSA-1295596","2/16",0.000178080648386699,0.00698624082132434,0,0,100,863.327402945816,"UBB;RPS27A"
"Reactome_2016.44","Unblocking of NMDA receptor, glutamate binding and activation Homo sapiens R-HSA-438066","2/17",0.000201670316023283,0.00701262689808235,0,0,94.1176470588235,800.835415791252,"CAMK2B;GRIA2"
"Reactome_2016.55","Signaling by Ligand-Responsive EGFR Variants in Cancer Homo sapiens R-HSA-5637815","2/19",0.000253182873478102,0.00704308720766356,0,0,84.2105263157895,697.380927180953,"UBB;RPS27A"
"Reactome_2016.49","Activation of IRF3/IRF7 mediated by TBK1/IKK epsilon Homo sapiens R-HSA-936964","2/18",0.000226705510857655,0.00707876391045332,0,0,88.8888888888889,745.942994819005,"UBB;RPS27A"
"Reactome_2016.51","VEGFR2 mediated cell proliferation Homo sapiens R-HSA-5218921","4/248",0.000237796006166145,0.00713388018498434,0,0,12.9032258064516,107.665772500342,"CAMK2B;UBB;PRKCA;RPS27A"
"Reactome_2016.38","TRAF6 mediated induction of TAK1 complex Homo sapiens R-HSA-937072","2/16",0.000178080648386699,0.00717008926399077,0,0,100,863.327402945816,"UBB;RPS27A"
"Reactome_2016.54","Constitutive Signaling by Ligand-Responsive EGFR Cancer Variants Homo sapiens R-HSA-1236382","2/19",0.000253182873478102,0.00717351474854622,0,0,84.2105263157895,697.380927180953,"UBB;RPS27A"
"Reactome_2016.48","Oxygen-dependent proline hydroxylation of Hypoxia-inducible Factor Alpha Homo sapiens R-HSA-1234176","2/18",0.000226705510857655,0.00722623815858776,0,0,88.8888888888889,745.942994819005,"UBB;RPS27A"
"Reactome_2016.53","Translesion Synthesis by POLH Homo sapiens R-HSA-110320","2/19",0.000253182873478102,0.00730886408342445,0,0,84.2105263157895,697.380927180953,"UBB;RPS27A"
"Reactome_2016.37","p75NTR signals via NF-kB Homo sapiens R-HSA-193639","2/16",0.000178080648386699,0.00736387546031485,0,0,100,863.327402945816,"UBB;RPS27A"
"Reactome_2016.52","Regulation of TP53 Activity through Methylation Homo sapiens R-HSA-6804760","2/19",0.000253182873478102,0.00744941916195184,0,0,84.2105263157895,697.380927180953,"UBB;RPS27A"
"Reactome_2016.65","Metabolism Homo sapiens R-HSA-1430728","9/1908",0.000318010597903969,0.00748548022758573,0,0,3.77358490566038,30.3902862226316,"UBB;RPS19;RPS8;COX4I1;INPP5J;PRKCA;CKB;RPS27A;COX7C"
"Reactome_2016.64","GTP hydrolysis and joining of the 60S ribosomal subunit Homo sapiens R-HSA-72706","3/107",0.000314278443726651,0.00751321904534025,0,0,22.4299065420561,180.902382090567,"RPS19;RPS8;RPS27A"
"Reactome_2016.36","Translesion synthesis by REV1 Homo sapiens R-HSA-110312","2/16",0.000178080648386699,0.0075684275564347,0,0,100,863.327402945816,"UBB;RPS27A"
"Reactome_2016.63","SRP-dependent cotranslational protein targeting to membrane Homo sapiens R-HSA-1799339","3/107",0.000314278443726651,0.00763247649050438,0,0,22.4299065420561,180.902382090567,"RPS19;RPS8;RPS27A"
"Reactome_2016.62","NOTCH2 Activation and Transmission of Signal to the Nucleus Homo sapiens R-HSA-2979096","2/21",0.000310450691584908,0.00766112190524046,0,0,76.1904761904762,615.427464569183,"UBB;RPS27A"
"Reactome_2016.34","Eukaryotic Translation Termination Homo sapiens R-HSA-72764","3/87",0.000170619808372883,0.00767789137677975,0,0,27.5862068965517,239.339939851216,"RPS19;RPS8;RPS27A"
"Reactome_2016.31","Glycogen synthesis Homo sapiens R-HSA-3322077","2/15",0.000155939872973347,0.0076963872790071,0,0,106.666666666667,935.04427249812,"UBB;RPS27A"
"BioPlanet_2019.14","Glioma","3/65",7.15980823995809e-05,0.00772236460166908,0,0,36.9230769230769,352.410175993295,"CAMK2B;PRKCA;CALM2"
"Reactome_2016.35","TGF-beta receptor signaling in EMT (epithelial to mesenchymal transition) Homo sapiens R-HSA-2173791","2/16",0.000178080648386699,0.00778466834376141,0,0,100,863.327402945816,"UBB;RPS27A"
"Reactome_2016.61","Regulation of FZD by ubiquitination Homo sapiens R-HSA-4641263","2/21",0.000310450691584908,0.00778671406762145,0,0,76.1904761904762,615.427464569183,"UBB;RPS27A"
"Reactome_2016.67","Mitophagy Homo sapiens R-HSA-5205647","2/22",0.000341234455643778,0.00779236891246239,0,0,72.7272727272727,580.577510089427,"UBB;RPS27A"
"BioPlanet_2019.13","Fanconi anemia pathway regulation","2/10",6.70875366203682e-05,0.00779247540744277,0,0,160,1537.52196393627,"UBB;RPS27A"
"Reactome_2016.60","3' -UTR-mediated translational regulation Homo sapiens R-HSA-157279","3/106",0.000305718675959799,0.00779582623697487,0,0,22.6415094339623,183.234231814882,"RPS19;RPS8;RPS27A"
"Reactome_2016.16","Amyloid fiber formation Homo sapiens R-HSA-977225","3/68",8.19447728422689e-05,0.00783596890304196,0,0,35.2941176470588,332.098766100984,"UBB;RPS27A;ITM2B"
"Reactome_2016.68","Selenoamino acid metabolism Homo sapiens R-HSA-2408522","3/111",0.000350063318031517,0.00787642465570914,0,0,21.6216216216216,172.051816457975,"RPS19;RPS8;RPS27A"
"Reactome_2016.32","Regulation of mRNA stability by proteins that bind AU-rich elements Homo sapiens R-HSA-450531","3/86",0.000164872182593911,0.00788295123027139,0,0,27.906976744186,243.079256796468,"UBB;PRKCA;RPS27A"
"Reactome_2016.13","Glycogen storage diseases Homo sapiens R-HSA-3229121","2/10",6.70875366203682e-05,0.00789568700224333,0,0,160,1537.52196393627,"UBB;RPS27A"
"Reactome_2016.66","Pink/Parkin Mediated Mitophagy Homo sapiens R-HSA-5205685","2/22",0.000341234455643778,0.00791043510810576,0,0,72.7272727272727,580.577510089427,"UBB;RPS27A"
"Reactome_2016.33","Selenocysteine synthesis Homo sapiens R-HSA-2408557","3/87",0.000170619808372883,0.00791055475183368,0,0,27.5862068965517,239.339939851216,"RPS19;RPS8;RPS27A"
"Reactome_2016.59","L13a-mediated translational silencing of Ceruloplasmin expression Homo sapiens R-HSA-156827","3/106",0.000305718675959799,0.00792795888505919,0,0,22.6415094339623,183.234231814882,"RPS19;RPS8;RPS27A"
"Reactome_2016.73","Eukaryotic Translation Initiation Homo sapiens R-HSA-72613","3/114",0.000378557980576026,0.00793416041481261,0,0,21.0526315789474,165.8766591932,"RPS19;RPS8;RPS27A"
"Reactome_2016.30","NRIF signals cell death from the nucleus Homo sapiens R-HSA-205043","2/15",0.000155939872973347,0.00795293352164067,0,0,106.666666666667,935.04427249812,"UBB;RPS27A"
"Reactome_2016.72","Cap-dependent Translation Initiation Homo sapiens R-HSA-72737","3/114",0.000378557980576026,0.00804435708724056,0,0,21.0526315789474,165.8766591932,"RPS19;RPS8;RPS27A"
"Reactome_2016.71","APC/C:Cdc20 mediated degradation of Cyclin B Homo sapiens R-HSA-174048","2/23",0.00037344700460227,0.00804751995833062,0,0,69.5652173913043,549.059787970339,"UBB;RPS27A"
"Reactome_2016.58","Nonsense Mediated Decay (NMD) enhanced by the Exon Junction Complex (EJC) Homo sapiens R-HSA-975957","3/106",0.000305718675959799,0.00806464783135332,0,0,22.6415094339623,183.234231814882,"RPS19;RPS8;RPS27A"
"Reactome_2016.70","Downregulation of SMAD2/3:SMAD4 transcriptional activity Homo sapiens R-HSA-2173795","2/23",0.00037344700460227,0.00816248452916391,0,0,69.5652173913043,549.059787970339,"UBB;RPS27A"
"Reactome_2016.57","Nonsense-Mediated Decay (NMD) Homo sapiens R-HSA-927802","3/106",0.000305718675959799,0.00820613288102618,0,0,22.6415094339623,183.234231814882,"RPS19;RPS8;RPS27A"
"Reactome_2016.29","Signaling by NOTCH1 HD Domain Mutants in Cancer Homo sapiens R-HSA-2691230","2/15",0.000155939872973347,0.0082271726085938,0,0,106.666666666667,935.04427249812,"UBB;RPS27A"
"Reactome_2016.69","Gap-filling DNA repair synthesis and ligation in GG-NER Homo sapiens R-HSA-5696397","2/23",0.00037344700460227,0.00828078140639817,0,0,69.5652173913043,549.059787970339,"UBB;RPS27A"
"Reactome_2016.15","Synthesis And Processing Of GAG, GAGPOL Polyproteins Homo sapiens R-HSA-174495","2/11",8.19331846528248e-05,0.00835718483458813,0,0,145.454545454545,1368.67003114972,"UBB;RPS27A"
"Reactome_2016.74","IKK complex recruitment mediated by RIP1 Homo sapiens R-HSA-937041","2/24",0.000407085006397053,0.00841675756469583,0,0,66.6666666666667,520.432568893578,"UBB;RPS27A"
"BioPlanet_2019.12","IRAK2-mediated activation of TAK1 complex","2/10",6.70875366203682e-05,0.008441848358063,0,0,160,1537.52196393627,"UBB;RPS27A"
"Reactome_2016.21","Downregulation of ERBB2:ERBB3 signaling Homo sapiens R-HSA-1358803","2/13",0.000116018486046081,0.00845277541192873,0,0,123.076923076923,1115.29366364167,"UBB;RPS27A"
"Reactome_2016.28","Constitutive Signaling by NOTCH1 HD Domain Mutants Homo sapiens R-HSA-2691232","2/15",0.000155939872973347,0.00852100020175786,0,0,106.666666666667,935.04427249812,"UBB;RPS27A"
"Reactome_2016.12","Myoclonic epilepsy of Lafora Homo sapiens R-HSA-3785653","2/10",6.70875366203682e-05,0.00855366091909694,0,0,160,1537.52196393627,"UBB;RPS27A"
"BioPlanet_2019.15","Transmission across chemical synapses","4/190",8.53813176246995e-05,0.00859505264088642,0,0,16.8421052631579,157.783296745747,"CAMK2B;GRIA2;GAD1;PRKCA"
"Reactome_2016.27","Association of licensing factors with the pre-replicative complex Homo sapiens R-HSA-69298","2/15",0.000155939872973347,0.00883659280182297,0,0,106.666666666667,935.04427249812,"UBB;RPS27A"
"Reactome_2016.20","Assembly Of The HIV Virion Homo sapiens R-HSA-175474","2/13",0.000116018486046081,0.00887541418252516,0,0,123.076923076923,1115.29366364167,"UBB;RPS27A"
"BioPlanet_2019.31","Salivary secretion","3/89",0.000182502557968733,0.00888964072686411,0,0,26.9662921348315,232.145969495,"PRKCA;ATP1B1;CALM2"
"Reactome_2016.76","APC-Cdc20 mediated degradation of Nek2A Homo sapiens R-HSA-179409","2/25",0.000442145134638336,0.00890107968416649,0,0,64,494.327831735955,"UBB;RPS27A"
"Reactome_2016.22","Transmission across Chemical Synapses Homo sapiens R-HSA-112315","4/211",0.000127993152125385,0.0089013419432654,0,0,15.1658767772512,135.939849016056,"CAMK2B;GRIA2;GAD1;PRKCA"
"Reactome_2016.14","Membrane binding and targetting of GAG proteins Homo sapiens R-HSA-174490","2/11",8.19331846528248e-05,0.00895412660848728,0,0,145.454545454545,1368.67003114972,"UBB;RPS27A"
"BioPlanet_2019.30","p75 neurotrophin receptor signaling via NF-kB","2/16",0.000178080648386699,0.00896339263546385,0,0,100,863.327402945816,"UBB;RPS27A"
"Reactome_2016.23","Receptor-ligand binding initiates the second proteolytic cleavage of Notch receptor Homo sapiens R-HSA-156988","2/14",0.00013525136020906,0.00899715570086356,0,0,114.285714285714,1018.10006666168,"UBB;RPS27A"
"Reactome_2016.75","Budding and maturation of HIV virion Homo sapiens R-HSA-162588","2/25",0.000442145134638336,0.00901976074662205,0,0,64,494.327831735955,"UBB;RPS27A"
"Reactome_2016.26","Regulation of innate immune responses to cytosolic DNA Homo sapiens R-HSA-3134975","2/15",0.000155939872973347,0.00917646175573924,0,0,106.666666666667,935.04427249812,"UBB;RPS27A"
"Reactome_2016.79","Cellular response to hypoxia Homo sapiens R-HSA-2262749","2/26",0.00047862406821843,0.0092695547389139,0,0,61.5384615384615,470.436621228126,"UBB;RPS27A"
"BioPlanet_2019.16","Assembly of HIV virion","2/12",9.82446318982039e-05,0.00927183713539299,0,0,133.333333333333,1230.40665945013,"UBB;RPS27A"
"BioPlanet_2019.29","TGF-beta receptor signaling in EMT (epithelial to mesenchymal transition)","2/16",0.000178080648386699,0.00927247514013501,0,0,100,863.327402945816,"UBB;RPS27A"
"Reactome_2016.11","Diseases of carbohydrate metabolism Homo sapiens R-HSA-5663084","2/10",6.70875366203682e-05,0.00933126645719667,0,0,160,1537.52196393627,"UBB;RPS27A"
"Reactome_2016.19","NF-kB is activated and signals survival Homo sapiens R-HSA-209560","2/13",0.000116018486046081,0.00934254124476333,0,0,123.076923076923,1115.29366364167,"UBB;RPS27A"
"Reactome_2016.78","Regulation of Hypoxia-inducible Factor (HIF) by oxygen Homo sapiens R-HSA-1234174","2/26",0.00047862406821843,0.00938839518428459,0,0,61.5384615384615,470.436621228126,"UBB;RPS27A"
"Reactome_2016.25","Peptide chain elongation Homo sapiens R-HSA-156902","3/84",0.000153758018895744,0.00940999075641954,0,0,28.5714285714286,250.860871349092,"RPS19;RPS8;RPS27A"
"Reactome_2016.80","Neuronal System Homo sapiens R-HSA-112316","4/301",0.000495630878309915,0.00947894054767713,0,0,10.6312292358804,80.900242979372,"CAMK2B;GRIA2;GAD1;PRKCA"
"Reactome_2016.77","Downregulation of TGF-beta receptor signaling Homo sapiens R-HSA-2173788","2/26",0.00047862406821843,0.0095103223944701,0,0,61.5384615384615,470.436621228126,"UBB;RPS27A"
"BioPlanet_2019.32","Unblocking of NMDA receptor, glutamate binding and activation","2/17",0.000201670316023283,0.00951631803734868,0,0,94.1176470588235,800.835415791252,"CAMK2B;GRIA2"
"BioPlanet_2019.28","Sprouty regulation of FGF signaling","2/16",0.000178080648386699,0.00960363496656841,0,0,100,863.327402945816,"UBB;RPS27A"
"Reactome_2016.81","EGFR downregulation Homo sapiens R-HSA-182971","2/27",0.000516518491714708,0.00975646039905559,0,0,59.2592592592593,448.497746256644,"UBB;RPS27A"
"Reactome_2016.24","Viral mRNA Translation Homo sapiens R-HSA-192823","3/84",0.000153758018895744,0.00980207370460369,0,0,28.5714285714286,250.860871349092,"RPS19;RPS8;RPS27A"
"BioPlanet_2019.24","TRAF6-mediated induction of TAK1 complex","2/15",0.000155939872973347,0.00981121700790638,0,0,106.666666666667,935.04427249812,"UBB;RPS27A"
"KEGG_2019_Mouse.16","Inflammatory mediator regulation of TRP channels","3/127",0.000519235890622509,0.00983302967866376,0,0,18.8976377952756,142.92571215471,"CAMK2B;PRKCA;CALM2"
"Reactome_2016.18","p75NTR recruits signalling complexes Homo sapiens R-HSA-209543","2/13",0.000116018486046081,0.00986157131391685,0,0,123.076923076923,1115.29366364167,"UBB;RPS27A"
"Reactome_2016.82","Influenza Viral RNA Transcription and Replication Homo sapiens R-HSA-168273","3/128",0.000531259800201232,0.00991253041838884,0,0,18.75,141.379863571091,"RPS19;RPS8;RPS27A"
"Reactome_2016.17","Ion channel transport Homo sapiens R-HSA-983712","4/203",0.000110273673791691,0.00992463064125222,0,0,15.7635467980296,143.646034891331,"CAMK2B;UBB;RPS27A;ATP1B1"
"BioPlanet_2019.25","mRNA stability regulation by proteins that bind AU-rich elements","3/86",0.000164872182593911,0.00995827982867225,0,0,27.906976744186,243.079256796468,"UBB;PRKCA;RPS27A"
"BioPlanet_2019.27","Cell death signaling by NRIF in the nucleus","2/16",0.000178080648386699,0.00995932515051538,0,0,100,863.327402945816,"UBB;RPS27A"
"Reactome_2016.84","Endosomal Sorting Complex Required For Transport (ESCRT) Homo sapiens R-HSA-917729","2/28",0.000555825094969523,0.0101239570869449,0,0,57.1428571428571,428.288965176942,"UBB;RPS27A"
"BioPlanet_2019.20","Initiation of the second proteolytic cleavage of Notch receptor by receptor-ligand binding","2/14",0.00013525136020906,0.010211477695784,0,0,114.285714285714,1018.10006666168,"UBB;RPS27A"
"BioPlanet_2019.23","Association of licensing factors with the pre-replicative complex","2/15",0.000155939872973347,0.0102377916604241,0,0,106.666666666667,935.04427249812,"UBB;RPS27A"
"Reactome_2016.83","Recognition of DNA damage by PCNA-containing replication complex Homo sapiens R-HSA-110314","2/28",0.000555825094969523,0.0102459324735346,0,0,57.1428571428571,428.288965176942,"UBB;RPS27A"
"Reactome_2016.10","IRAK2 mediated activation of TAK1 complex Homo sapiens R-HSA-937042","2/10",6.70875366203682e-05,0.0102643931029163,0,0,160,1537.52196393627,"UBB;RPS27A"
"Reactome_2016.8","PTK6 Regulates RTKs and Their Effectors AKT1 and DOK1 Homo sapiens R-HSA-8849469","2/9",5.37110855277195e-05,0.0102722451071763,0,0,177.777777777778,1747.89175881705,"UBB;RPS27A"
"BioPlanet_2019.17","Downregulation of ERBB2-ERBB3 signaling","2/13",0.000116018486046081,0.0103051714076225,0,0,123.076923076923,1115.29366364167,"UBB;RPS27A"
"BioPlanet_2019.26","GluR2-containing AMPA receptor trafficking","2/16",0.000178080648386699,0.0103423761178429,0,0,100,863.327402945816,"GRIA2;PRKCA"
"BioPlanet_2019.18","Phosphatidylinositol signaling system","3/78",0.000123370979579972,0.0103494543980976,0,0,30.7692307692308,276.932758391776,"INPP5J;PRKCA;CALM2"
"BioPlanet_2019.33","Pertussis toxin-insensitive CCR5 signaling in macrophage","2/18",0.000226705510857655,0.0103734945877291,0,0,88.8888888888889,745.942994819005,"PRKCA;CALM2"
"BioPlanet_2019.21","Disease","6/674",0.000146607427347298,0.0105417721568772,0,0,7.12166172106825,62.8682642546827,"UBB;RPS19;RPS8;PRKCA;RPS27A;ITM2B"
"BioPlanet_2019.19","Cardiac muscle contraction","3/80",0.000133017845664083,0.0105714182606719,0,0,30,267.750817824544,"COX4I1;ATP1B1;COX7C"
"Reactome_2016.105","Negative regulation of FGFR1 signaling Homo sapiens R-HSA-5654726","2/32",0.000727107296837505,0.0105949920396322,0,0,50,361.32182514118,"UBB;RPS27A"
"Reactome_2016.108","Signaling by FGFR1 Homo sapiens R-HSA-5654736","4/336",0.000748795281206561,0.0106079331504263,0,0,9.52380952380952,68.5432850916974,"CAMK2B;UBB;PRKCA;RPS27A"
"Reactome_2016.106","Metabolism of amino acids and derivatives Homo sapiens R-HSA-71291","4/335",0.000740504145967667,0.0106884088993446,0,0,9.55223880597015,68.8542502724404,"RPS19;RPS8;CKB;RPS27A"
"Reactome_2016.104","SMAD2/SMAD3:SMAD4 heterotrimer regulates transcription Homo sapiens R-HSA-2173796","2/32",0.000727107296837505,0.0106968669630902,0,0,50,361.32182514118,"UBB;RPS27A"
"Reactome_2016.107","Beta-catenin independent WNT signaling Homo sapiens R-HSA-3858494","3/144",0.000748491796439974,0.0107027331640482,0,0,16.6666666666667,119.957505236078,"UBB;PRKCA;RPS27A"
"BioPlanet_2019.22","Activation of IRF3/IRF7 mediated by TBK1/IKK epsilon","2/15",0.000155939872973347,0.010703145826807,0,0,106.666666666667,935.04427249812,"UBB;RPS27A"
"Reactome_2016.85","Negative regulation of FGFR3 signaling Homo sapiens R-HSA-5654732","2/29",0.000596540573547506,0.0107377303238551,0,0,55.1724137931034,409.620044103765,"UBB;RPS27A"
"Reactome_2016.103","Oncogene Induced Senescence Homo sapiens R-HSA-2559585","2/32",0.000727107296837505,0.0108007200404018,0,0,50,361.32182514118,"UBB;RPS27A"
"Reactome_2016.102","Signaling by NOTCH2 Homo sapiens R-HSA-1980145","2/32",0.000727107296837505,0.0109066094525626,0,0,50,361.32182514118,"UBB;RPS27A"
"Reactome_2016.89","Activated NOTCH1 Transmits Signal to the Nucleus Homo sapiens R-HSA-2122948","2/30",0.000638661628201839,0.0109792392263912,0,0,53.3333333333333,392.327241449039,"UBB;RPS27A"
"Reactome_2016.101","TGF-beta receptor signaling activates SMADs Homo sapiens R-HSA-2173789","2/32",0.000727107296837505,0.0110145956847662,0,0,50,361.32182514118,"UBB;RPS27A"
"Reactome_2016.114","Negative regulators of RIG-I/MDA5 signaling Homo sapiens R-HSA-936440","2/34",0.000821135816987328,0.0110205070174615,0,0,47.0588235294118,334.344566280643,"UBB;RPS27A"
"Reactome_2016.96","Downstream signaling of activated FGFR3 Homo sapiens R-HSA-5654708","4/329",0.00069212176477125,0.0110306906260418,0,0,9.72644376899696,70.7671601913558,"CAMK2B;UBB;PRKCA;RPS27A"
"Reactome_2016.110","Influenza Infection Homo sapiens R-HSA-168254","3/147",0.000794631078723517,0.0110525959131544,0,0,16.3265306122449,116.532777190783,"RPS19;RPS8;RPS27A"
"Reactome_2016.100","Signaling by FGFR3 Homo sapiens R-HSA-5654741","4/333",0.000724117976000792,0.0110790050328121,0,0,9.60960960960961,69.4828226169482,"CAMK2B;UBB;PRKCA;RPS27A"
"Reactome_2016.86","VEGFA-VEGFR2 Pathway Homo sapiens R-HSA-4420097","4/320",0.00062382766601531,0.0110983294070166,0,0,10,73.7963640399605,"CAMK2B;UBB;PRKCA;RPS27A"
"Reactome_2016.88","Termination of translesion DNA synthesis Homo sapiens R-HSA-5656169","2/30",0.000638661628201839,0.0111040033085092,0,0,53.3333333333333,392.327241449039,"UBB;RPS27A"
"Reactome_2016.109","Downstream signal transduction Homo sapiens R-HSA-186763","4/341",0.000791243296744984,0.0111064426056865,0,0,9.3841642228739,67.0208099122118,"CAMK2B;UBB;PRKCA;RPS27A"
"Reactome_2016.99","Neurotransmitter Receptor Binding And Downstream Transmission In The  Postsynaptic Cell Homo sapiens R-HSA-112314","3/142",0.000718705392605196,0.0111072651584439,0,0,16.9014084507042,122.333392060411,"CAMK2B;GRIA2;PRKCA"
"Reactome_2016.113","Negative regulation of FGFR2 signaling Homo sapiens R-HSA-5654727","2/34",0.000821135816987328,0.0111180336282355,0,0,47.0588235294118,334.344566280643,"UBB;RPS27A"
"Reactome_2016.7","Activation of the mRNA upon binding of the cap-binding complex and eIFs, and subsequent binding to 43S Homo sapiens R-HSA-72662","3/58",5.08702922064509e-05,0.01111879243941,0,0,41.3793103448276,409.085439515827,"RPS19;RPS8;RPS27A"
"BioPlanet_2019.36","Melanogenesis","3/101",0.000265179031025502,0.0111227871346808,0,0,23.7623762376238,195.685672189543,"CAMK2B;PRKCA;CALM2"
"BioPlanet_2019.37","Signaling by ERBB2","3/102",0.000272989735728853,0.0111409324581235,0,0,23.5294117647059,193.084149683505,"UBB;PRKCA;RPS27A"
"Reactome_2016.95","Downstream signaling of activated FGFR4 Homo sapiens R-HSA-5654716","4/329",0.00069212176477125,0.0111468031589475,0,0,9.72644376899696,70.7671601913558,"CAMK2B;UBB;PRKCA;RPS27A"
"Reactome_2016.87","Influenza Life Cycle Homo sapiens R-HSA-168255","3/136",0.000633926258685575,0.0111483583424015,0,0,17.6470588235294,129.945492732586,"RPS19;RPS8;RPS27A"
"Reactome_2016.98","Downstream signaling of activated FGFR1 Homo sapiens R-HSA-5654687","4/332",0.000716022350138056,0.0111787162827676,0,0,9.63855421686747,69.8004739876068,"CAMK2B;UBB;PRKCA;RPS27A"
"Reactome_2016.119","Fanconi Anemia Pathway Homo sapiens R-HSA-6783310","2/35",0.00087023545651169,0.0111887415837217,0,0,45.7142857142857,322.136993977753,"UBB;RPS27A"
"Reactome_2016.112","HSF1-dependent transactivation Homo sapiens R-HSA-3371571","2/34",0.000821135816987328,0.0112173017856305,0,0,47.0588235294118,334.344566280643,"CAMK2B;UBB"
"Reactome_2016.117","Translation Homo sapiens R-HSA-72766","3/151",0.000858917570317512,0.0112319989964598,0,0,15.8940397350993,112.209339347824,"RPS19;RPS8;RPS27A"
"Reactome_2016.90","Signaling by SCF-KIT Homo sapiens R-HSA-1433557","4/325",0.000661144654183845,0.0112394591211254,0,0,9.84615384615385,72.0889885600195,"CAMK2B;UBB;PRKCA;RPS27A"
"BioPlanet_2019.34","Signaling by constitutively active EGFR","2/19",0.000253182873478102,0.0112442982044686,0,0,84.2105263157895,697.380927180953,"UBB;RPS27A"
"Reactome_2016.116","Transcriptional Regulation by TP53 Homo sapiens R-HSA-3700989","4/348",0.00085350301572224,0.0112574104659916,0,0,9.19540229885057,64.9761975390955,"UBB;COX4I1;RPS27A;COX7C"
"Reactome_2016.93","Signaling by VEGF Homo sapiens R-HSA-194138","4/328",0.000684282683362177,0.0112575538230552,0,0,9.75609756097561,71.0940433751124,"CAMK2B;UBB;PRKCA;RPS27A"
"Reactome_2016.94","Downstream signaling of activated FGFR2 Homo sapiens R-HSA-5654696","4/329",0.00069212176477125,0.0112653861712767,0,0,9.72644376899696,70.7671601913558,"CAMK2B;UBB;PRKCA;RPS27A"
"Reactome_2016.111","DAP12 signaling Homo sapiens R-HSA-2424491","4/344",0.000817516644205284,0.0112684726633701,0,0,9.30232558139535,66.1324585629394,"CAMK2B;UBB;PRKCA;RPS27A"
"Reactome_2016.118","Regulation of TP53 Degradation Homo sapiens R-HSA-6804757","2/35",0.00087023545651169,0.0112835614276516,0,0,45.7142857142857,322.136993977753,"UBB;RPS27A"
"Reactome_2016.97","Signaling by FGFR4 Homo sapiens R-HSA-5654743","4/332",0.000716022350138056,0.0112939607805281,0,0,9.63855421686747,69.8004739876068,"CAMK2B;UBB;PRKCA;RPS27A"
"Reactome_2016.92","Regulation of TNFR1 signaling Homo sapiens R-HSA-5357905","2/31",0.000682184965402003,0.0113450325767942,0,0,51.6129032258064,376.268889116119,"UBB;RPS27A"
"Reactome_2016.115","Infectious disease Homo sapiens R-HSA-5663205","4/348",0.00085350301572224,0.0113553009917828,0,0,9.19540229885057,64.9761975390955,"UBB;RPS19;RPS8;RPS27A"
"Reactome_2016.9","IRAK2 mediated activation of TAK1 complex upon TLR7/8 or 9 stimulation Homo sapiens R-HSA-975163","2/10",6.70875366203682e-05,0.0114048812254626,0,0,160,1537.52196393627,"UBB;RPS27A"
"BioPlanet_2019.35","GnRH signaling pathway","3/101",0.000265179031025502,0.0114405810528145,0,0,23.7623762376238,195.685672189543,"CAMK2B;PRKCA;CALM2"
"Reactome_2016.91","Negative regulation of FGFR4 signaling Homo sapiens R-HSA-5654733","2/31",0.000682184965402003,0.0114697032644513,0,0,51.6129032258064,376.268889116119,"UBB;RPS27A"
"Reactome_2016.1","Trafficking of AMPA receptors Homo sapiens R-HSA-399719","3/31",7.57738069261954e-06,0.0115933924597079,0,0,77.4193548387097,912.800746303842,"CAMK2B;GRIA2;PRKCA"
"Reactome_2016.121","Regulation of TP53 Expression and Degradation Homo sapiens R-HSA-6806003","2/36",0.000920720991927805,0.0116421745260293,0,0,44.4444444444444,310.682378131794,"UBB;RPS27A"
"Reactome_2016.120","Signaling by EGFR Homo sapiens R-HSA-177929","4/355",0.000919159480763337,0.0117192833797325,0,0,9.01408450704225,63.0269378107597,"CAMK2B;UBB;PRKCA;RPS27A"
"Reactome_2016.122","DAP12 interactions Homo sapiens R-HSA-2172127","4/359",0.00095824181139642,0.0120172948478403,0,0,8.91364902506964,61.9535188778877,"CAMK2B;UBB;PRKCA;RPS27A"
"Reactome_2016.124","Signaling by FGFR2 Homo sapiens R-HSA-5654738","4/361",0.000978217366177307,0.0120699400826716,0,0,8.86426592797784,61.427400836074,"CAMK2B;UBB;PRKCA;RPS27A"
"Reactome_2016.123","Translesion synthesis by Y family DNA polymerases bypasses lesions on DNA template Homo sapiens R-HSA-110313","2/37",0.000972589162411071,0.0120980603129182,0,0,43.2432432432432,299.915623911835,"UBB;RPS27A"
"Reactome_2016.129","Signaling by FGFR Homo sapiens R-HSA-190236","4/366",0.00102944236712707,0.0122096652845303,0,0,8.7431693989071,60.1419717113396,"CAMK2B;UBB;PRKCA;RPS27A"
"Reactome_2016.128","Cyclin D associated events in G1 Homo sapiens R-HSA-69231","2/38",0.00102583671197477,0.0122619544478235,0,0,42.1052631578947,289.778808211425,"UBB;RPS27A"
"Reactome_2016.6","Translation initiation complex formation Homo sapiens R-HSA-72649","3/57",4.82788493858134e-05,0.0123111065933824,0,0,42.1052631578947,418.463873436934,"RPS19;RPS8;RPS27A"
"BioPlanet_2019.38","PKC-catalyzed phosphorylation of inhibitory phosphoprotein of myosin phosphatase","2/21",0.000310450691584908,0.0123363301129792,0,0,76.1904761904762,615.427464569183,"CAMK2B;PRKCA"
"Reactome_2016.125","Signaling by PDGF Homo sapiens R-HSA-186797","4/364",0.00100873039771612,0.0123468600680453,0,0,8.79120879120879,60.6511012819394,"CAMK2B;UBB;PRKCA;RPS27A"
"Reactome_2016.127","G1 Phase Homo sapiens R-HSA-69236","2/38",0.00102583671197477,0.0123585052702473,0,0,42.1052631578947,289.778808211425,"UBB;RPS27A"
"Reactome_2016.126","DNA Damage Recognition in GG-NER Homo sapiens R-HSA-5696394","2/38",0.00102583671197477,0.012456588645408,0,0,42.1052631578947,289.778808211425,"UBB;RPS27A"
"BioPlanet_2019.39","Cytoplasmic ribosomal proteins","3/108",0.000322991609561061,0.0125055725753129,0,0,22.2222222222222,178.619649148226,"RPS19;RPS8;RPS27A"
"Reactome_2016.131","Dual Incision in GG-NER Homo sapiens R-HSA-5696400","2/39",0.00108046039077145,0.0126191175410711,0,0,41.025641025641,280.220227320184,"UBB;RPS27A"
"Reactome_2016.130","Activation of NMDA receptor upon glutamate binding and postsynaptic events Homo sapiens R-HSA-442755","2/39",0.00108046039077145,0.0127161876760024,0,0,41.025641025641,280.220227320184,"CAMK2B;GRIA2"
"BioPlanet_2019.40","Fanconi anemia pathway","2/22",0.000341234455643778,0.0128816007005526,0,0,72.7272727272727,580.577510089427,"UBB;RPS27A"
"BioPlanet_2019.41","Signaling by EGFR in cancer","3/111",0.000350063318031517,0.0128925758592095,0,0,21.6216216216216,172.051816457975,"UBB;PRKCA;RPS27A"
"Reactome_2016.132","NGF signalling via TRKA from the plasma membrane Homo sapiens R-HSA-187037","4/374",0.0011153016074723,0.0129273595411562,0,0,8.55614973262032,58.1700997704678,"CAMK2B;UBB;PRKCA;RPS27A"
"Reactome_2016.134","Negative regulation of MAPK pathway Homo sapiens R-HSA-5675221","2/40",0.00113645695364688,0.0129759637244756,0,0,40,271.193591665384,"UBB;RPS27A"
"Reactome_2016.133","Major pathway of rRNA processing in the nucleolus Homo sapiens R-HSA-6791226","3/166",0.0011291976051592,0.0129900175631096,0,0,14.4578313253012,98.1144286614477,"RPS19;RPS8;RPS27A"
"KEGG_2019_Mouse.17","Parkinson disease","3/144",0.000748491796439974,0.0133407655483125,0,0,16.6666666666667,119.957505236078,"UBB;COX4I1;COX7C"
"BioPlanet_2019.42","Downregulation of SMAD2/3-SMAD4 transcriptional activity","2/23",0.00037344700460227,0.0134263089749864,0,0,69.5652173913043,549.059787970339,"UBB;RPS27A"
"Reactome_2016.135","TNF signaling Homo sapiens R-HSA-75893","2/41",0.00119382316169137,0.0135299958325022,0,0,39.0243902439024,262.657341688453,"UBB;RPS27A"
"BioPlanet_2019.43","Neuronal system","4/283",0.000392701514050107,0.0137902159585038,0,0,11.3074204946996,88.678001310528,"CAMK2B;GRIA2;GAD1;PRKCA"
"Reactome_2016.136","Deactivation of the beta-catenin transactivating complex Homo sapiens R-HSA-3769402","2/42",0.00125255578049936,0.0140912525306178,0,0,38.0952380952381,254.574064406404,"UBB;RPS27A"
"Reactome_2016.137","Formation of Incision Complex in GG-NER Homo sapiens R-HSA-5696395","2/43",0.00131265158147695,0.0146595395595602,0,0,37.2093023255814,246.909993656481,"UBB;RPS27A"
"Reactome_2016.5","Ribosomal scanning and start codon recognition Homo sapiens R-HSA-72702","3/57",4.82788493858134e-05,0.0147733279120589,0,0,42.1052631578947,418.463873436934,"RPS19;RPS8;RPS27A"
"BioPlanet_2019.45","Cellular response to hypoxia","2/25",0.000442145134638336,0.0148364256289753,0,0,64,494.327831735955,"UBB;RPS27A"
"Reactome_2016.139","Interleukin-1 signaling Homo sapiens R-HSA-446652","2/44",0.00137410734161574,0.0151250664221013,0,0,36.3636363636364,239.634580537701,"UBB;RPS27A"
"BioPlanet_2019.44","APC/C- and Cdc20-mediated degradation of Nek2A","2/25",0.000442145134638336,0.0151736171205429,0,0,64,494.327831735955,"UBB;RPS27A"
"Reactome_2016.138","Transcriptional activity of SMAD2/SMAD3:SMAD4 heterotrimer Homo sapiens R-HSA-2173793","2/44",0.00137410734161574,0.0152346683526962,0,0,36.3636363636364,239.634580537701,"UBB;RPS27A"
"KEGG_2019_Mouse.18","Oxytocin signaling pathway","3/154",0.000909243189015834,0.0153055936817665,0,0,15.5844155844156,109.136072180212,"CAMK2B;PRKCA;CALM2"
"Reactome_2016.142","Signaling by ERBB2 Homo sapiens R-HSA-1227986","2/45",0.00143691984263236,0.0154823053466727,0,0,35.5555555555556,232.720122826319,"UBB;RPS27A"
"Reactome_2016.140","rRNA processing Homo sapiens R-HSA-72312","3/180",0.00142519869310146,0.015575385717466,0,0,13.3333333333333,87.3792538830146,"RPS19;RPS8;RPS27A"
"Reactome_2016.141","Diseases of metabolism Homo sapiens R-HSA-5668914","2/45",0.00143691984263236,0.0155921089306916,0,0,35.5555555555556,232.720122826319,"UBB;RPS27A"
"BioPlanet_2019.46","PGC-1a regulation","2/26",0.00047862406821843,0.0157113552828224,0,0,61.5384615384615,470.436621228126,"CAMK2B;CALM2"
"BioPlanet_2019.47","Influenza viral RNA transcription and replication","3/125",0.000495715687871914,0.0159261848656721,0,0,19.2,146.102553706034,"RPS19;RPS8;RPS27A"
"Reactome_2016.4","Downregulation of ERBB4 signaling Homo sapiens R-HSA-1253288","2/8",4.18072344425752e-05,0.015991267174285,0,0,200,2016.48823212401,"UBB;RPS27A"
"Reactome_2016.143","DNA Damage Bypass Homo sapiens R-HSA-73893","2/46",0.00150108587236456,0.0160605691239005,0,0,34.7826086956522,226.141444099627,"UBB;RPS27A"
"BioPlanet_2019.48","EGFR downregulation","2/27",0.000516518491714708,0.0162488108851918,0,0,59.2592592592593,448.497746256644,"UBB;RPS27A"
"KEGG_2019_Mouse.19","Aldosterone-regulated sodium reabsorption","2/38",0.00102583671197477,0.0163593959857029,0,0,42.1052631578947,289.778808211425,"PRKCA;ATP1B1"
"BioPlanet_2019.49","Signaling by FGFR in disease","3/128",0.000531259800201232,0.016371475475589,0,0,18.75,141.379863571091,"UBB;PRKCA;RPS27A"
"BioPlanet_2019.51","Endosomal sorting complex required for transport (ESCRT) pathway","2/28",0.000555825094969523,0.0164567822236074,0,0,57.1428571428571,428.288965176942,"UBB;RPS27A"
"BioPlanet_2019.52","Parkinson's disease","3/131",0.000568399897896015,0.0165054585735189,0,0,18.3206106870229,136.904158925961,"UBB;COX4I1;COX7C"
"Reactome_2016.3","Formation of the ternary complex, and subsequently, the 43S complex Homo sapiens R-HSA-72695","3/50",3.25270402967092e-05,0.0165887905513217,0,0,48,496.005062660486,"RPS19;RPS8;RPS27A"
"Reactome_2016.144","NOTCH1 Intracellular Domain Regulates Transcription Homo sapiens R-HSA-2122947","2/47",0.00156660222343349,0.0166451486239808,0,0,34.0425531914894,219.875615106685,"UBB;RPS27A"
"BioPlanet_2019.50","TGF-beta receptor activation of SMADs","2/28",0.000555825094969523,0.0167859178680796,0,0,57.1428571428571,428.288965176942,"UBB;RPS27A"
"Reactome_2016.145","Death Receptor Signalling Homo sapiens R-HSA-73887","2/48",0.00163346569393314,0.0172358793911566,0,0,33.3333333333333,213.901710957169,"UBB;RPS27A"
"Reactome_2016.146","Regulation of activated PAK-2p34 by proteasome mediated degradation Homo sapiens R-HSA-211733","2/49",0.00170167308772342,0.0178326015357317,0,0,32.6530612244898,208.200598943606,"UBB;RPS27A"
"Reactome_2016.150","Regulation of Apoptosis Homo sapiens R-HSA-169911","2/50",0.00177122121301273,0.0180664563727299,0,0,32,202.754752622349,"UBB;RPS27A"
"Reactome_2016.149","Ubiquitin-dependent degradation of Cyclin D Homo sapiens R-HSA-75815","2/50",0.00177122121301273,0.0181877077577817,0,0,32,202.754752622349,"UBB;RPS27A"
"BioPlanet_2019.53","Signaling pathway from G-protein families","2/30",0.000638661628201839,0.0181958312940524,0,0,53.3333333333333,392.327241449039,"PRKCA;CALM2"
"Reactome_2016.154","Autodegradation of the E3 ubiquitin ligase COP1 Homo sapiens R-HSA-349425","2/51",0.00184210688477969,0.0183014515176164,0,0,31.3725490196078,197.548088356096,"UBB;RPS27A"
"Reactome_2016.148","Ubiquitin-dependent degradation of Cyclin D1 Homo sapiens R-HSA-69229","2/50",0.00177122121301273,0.018310597675064,0,0,32,202.754752622349,"UBB;RPS27A"
"KEGG_2019_Mouse.20","Ribosome","3/170",0.00120934185752028,0.0183215291414323,0,0,14.1176470588235,94.8378209894969,"RPS19;RPS8;RPS27A"
"BioPlanet_2019.56","Ras family activation regulation","2/31",0.000682184965402003,0.0183946303170897,0,0,51.6129032258064,376.268889116119,"CAMK2B;PRKCA"
"Reactome_2016.153","Vpu mediated degradation of CD4 Homo sapiens R-HSA-180534","2/51",0.00184210688477969,0.0184210688477969,0,0,31.3725490196078,197.548088356096,"UBB;RPS27A"
"Reactome_2016.151","Interferon Signaling Homo sapiens R-HSA-913531","3/196",0.00181846398299407,0.0184254959866287,0,0,12.2448979591837,77.2624053014767,"CAMK2B;UBB;RPS27A"
"Reactome_2016.147","CDK-mediated phosphorylation and removal of Cdc6 Homo sapiens R-HSA-69017","2/50",0.00177122121301273,0.0184351595640101,0,0,32,202.754752622349,"UBB;RPS27A"
"Reactome_2016.158","Ubiquitin Mediated Degradation of Phosphorylated Cdc25A Homo sapiens R-HSA-69601","2/52",0.00191432692187302,0.0185374695599096,0,0,30.7692307692308,192.565821383406,"UBB;RPS27A"
"Reactome_2016.152","Ion homeostasis Homo sapiens R-HSA-5578775","2/51",0.00184210688477969,0.0185422600902166,0,0,31.3725490196078,197.548088356096,"CAMK2B;ATP1B1"
"Reactome_2016.157","p53-Independent G1/S DNA damage checkpoint Homo sapiens R-HSA-69613","2/52",0.00191432692187302,0.0186555426144313,0,0,30.7692307692308,192.565821383406,"UBB;RPS27A"
"Reactome_2016.155","Gastrin-CREB signalling pathway via PKC and MAPK Homo sapiens R-HSA-881907","4/432",0.00189484396284799,0.0187039436332737,0,0,7.40740740740741,46.434213224763,"CAMK2B;UBB;PRKCA;RPS27A"
"BioPlanet_2019.55","Activated NOTCH1 signaling in the nucleus","2/31",0.000682184965402003,0.0187290781410368,0,0,51.6129032258064,376.268889116119,"UBB;RPS27A"
"Reactome_2016.156","p53-Independent DNA Damage Response Homo sapiens R-HSA-69610","2/52",0.00191432692187302,0.0187751294260623,0,0,30.7692307692308,192.565821383406,"UBB;RPS27A"
"BioPlanet_2019.54","T cell receptor signaling pathway","3/139",0.000675464870281287,0.0188879991504582,0,0,17.2661870503597,126.04505451663,"CAMK2B;PRKCA;CALM2"
"BioPlanet_2019.58","Hypothetical network for drug addiction","2/32",0.000727107296837505,0.0189298623831833,0,0,50,361.32182514118,"CAMK2B;GRIA2"
"KEGG_2019_Mouse.21","Alzheimer disease","3/175",0.00131446900627501,0.0189659099476823,0,0,13.7142857142857,90.9849941816239,"COX4I1;COX7C;CALM2"
"Reactome_2016.160","Vif-mediated degradation of APOBEC3G Homo sapiens R-HSA-180585","2/53",0.00198787814915574,0.0190090848013018,0,0,30.188679245283,187.794338590414,"UBB;RPS27A"
"BioPlanet_2019.57","Influenza infection","3/142",0.000718705392605196,0.0190393884707692,0,0,16.9014084507042,122.333392060411,"RPS19;RPS8;RPS27A"
"Reactome_2016.159","Formation of TC-NER Pre-Incision Complex Homo sapiens R-HSA-6781823","2/53",0.00198787814915574,0.0191286387937628,0,0,30.188679245283,187.794338590414,"UBB;RPS27A"
"Reactome_2016.164","Degradation of AXIN Homo sapiens R-HSA-4641257","2/54",0.0020627573968526,0.0192440171779542,0,0,29.6296296296296,183.221085898315,"UBB;RPS27A"
"Reactome_2016.163","AUF1 (hnRNP D0) binds and destabilizes mRNA Homo sapiens R-HSA-450408","2/54",0.0020627573968526,0.0193620786330336,0,0,29.6296296296296,183.221085898315,"UBB;RPS27A"
"Reactome_2016.162","Stabilization of p53 Homo sapiens R-HSA-69541","2/54",0.0020627573968526,0.0194815976369413,0,0,29.6296296296296,183.221085898315,"UBB;RPS27A"
"Reactome_2016.161","SCF-beta-TrCP mediated degradation of Emi1 Homo sapiens R-HSA-174113","2/54",0.0020627573968526,0.0196026013489719,0,0,29.6296296296296,183.221085898315,"UBB;RPS27A"
"Reactome_2016.166","Hh mutants that don't undergo autocatalytic processing are degraded by ERAD Homo sapiens R-HSA-5362768","2/55",0.00213896150042779,0.0197145246726176,0,0,29.0909090909091,178.834468302803,"UBB;RPS27A"
"BioPlanet_2019.59","Negative regulators of RIG-I/MDA5 signaling","2/33",0.000773425339811584,0.0197944451375507,0,0,48.4848484848485,347.378492855979,"UBB;RPS27A"
"Reactome_2016.165","Ion transport by P-type ATPases Homo sapiens R-HSA-936837","2/55",0.00213896150042779,0.0198340066403304,0,0,29.0909090909091,178.834468302803,"CAMK2B;ATP1B1"
"Reactome_2016.167","Signalling by NGF Homo sapiens R-HSA-166520","4/450",0.00219861207059289,0.0201429728623181,0,0,7.11111111111111,43.5194950734772,"CAMK2B;UBB;PRKCA;RPS27A"
"Reactome_2016.174","Hh mutants abrogate ligand secretion Homo sapiens R-HSA-5387390","2/57",0.00229533164250055,0.0201830885806083,0,0,28.0701754385965,170.579029877151,"UBB;RPS27A"
"Reactome_2016.168","Degradation of DVL Homo sapiens R-HSA-4641258","2/56",0.00221648730010962,0.0201858664831412,0,0,28.5714285714286,174.62376095715,"UBB;RPS27A"
"Reactome_2016.173","Signaling by NOTCH1 HD+PEST Domain Mutants in Cancer Homo sapiens R-HSA-2894858","2/57",0.00229533164250055,0.0202997538325193,0,0,28.0701754385965,170.579029877151,"UBB;RPS27A"
"Reactome_2016.172","Constitutive Signaling by NOTCH1 PEST Domain Mutants Homo sapiens R-HSA-2644606","2/57",0.00229533164250055,0.020417775657127,0,0,28.0701754385965,170.579029877151,"UBB;RPS27A"
"Reactome_2016.177","CDT1 association with the CDC6:ORC:origin complex Homo sapiens R-HSA-68827","2/58",0.00237549137841371,0.020533908525271,0,0,27.5862068965517,166.691061150935,"UBB;RPS27A"
"Reactome_2016.171","Signaling by NOTCH1 PEST Domain Mutants in Cancer Homo sapiens R-HSA-2644602","2/57",0.00229533164250055,0.0205371778539523,0,0,28.0701754385965,170.579029877151,"UBB;RPS27A"
"Reactome_2016.183","SCF(Skp2)-mediated degradation of p27/p21 Homo sapiens R-HSA-187577","2/59",0.00245696336437194,0.020541824849667,0,0,27.1186440677966,162.95129752596,"UBB;RPS27A"
"Reactome_2016.176","NIK-->noncanonical NF-kB signaling Homo sapiens R-HSA-5676590","2/58",0.00237549137841371,0.0206505784600737,0,0,27.5862068965517,166.691061150935,"UBB;RPS27A"
"Reactome_2016.182","The role of GTSE1 in G2/M progression after G2 checkpoint Homo sapiens R-HSA-8852276","2/59",0.00245696336437194,0.0206546920191707,0,0,27.1186440677966,162.95129752596,"UBB;RPS27A"
"Reactome_2016.170","Signaling by NOTCH1 in Cancer Homo sapiens R-HSA-2644603","2/57",0.00229533164250055,0.0206579847825049,0,0,28.0701754385965,170.579029877151,"UBB;RPS27A"
"Reactome_2016.175","Recruitment and ATM-mediated phosphorylation of repair and signaling proteins at DNA double strand breaks Homo sapiens R-HSA-5693565","2/58",0.00237549137841371,0.0207685817655599,0,0,27.5862068965517,166.691061150935,"UBB;RPS27A"
"Reactome_2016.181","Degradation of GLI2 by the proteasome Homo sapiens R-HSA-5610783","2/59",0.00245696336437194,0.0207688063397186,0,0,27.1186440677966,162.95129752596,"UBB;RPS27A"
"Reactome_2016.169","Constitutive Signaling by NOTCH1 HD+PEST Domain Mutants Homo sapiens R-HSA-2894862","2/57",0.00229533164250055,0.0207802213788511,0,0,28.0701754385965,170.579029877151,"UBB;RPS27A"
"Reactome_2016.180","GLI3 is processed to GLI3R by the proteasome Homo sapiens R-HSA-5610785","2/59",0.00245696336437194,0.0208841885971615,0,0,27.1186440677966,162.95129752596,"UBB;RPS27A"
"Reactome_2016.179","Degradation of GLI1 by the proteasome Homo sapiens R-HSA-5610780","2/59",0.00245696336437194,0.0210008600418384,0,0,27.1186440677966,162.95129752596,"UBB;RPS27A"
"Reactome_2016.184","MAP kinase activation in TLR cascade Homo sapiens R-HSA-450294","2/60",0.00253974446225944,0.0211185273220486,0,0,26.6666666666667,159.351781557931,"UBB;RPS27A"
"Reactome_2016.178","DNA Double Strand Break Response Homo sapiens R-HSA-5693606","2/59",0.00245696336437194,0.021118842401624,0,0,27.1186440677966,162.95129752596,"UBB;RPS27A"
"Reactome_2016.186","Dectin-1 mediated noncanonical NF-kB signaling Homo sapiens R-HSA-5607761","2/61",0.00262383153895407,0.0215831304010738,0,0,26.2295081967213,155.885104526031,"UBB;RPS27A"
"KEGG_2019_Mouse.23","Calcium signaling pathway","3/189",0.00163898431231827,0.0215918368101058,0,0,12.6984126984127,81.4435371525349,"CAMK2B;PRKCA;CALM2"
"BioPlanet_2019.60","Translation","3/151",0.000858917570317512,0.021616092186324,0,0,15.8940397350993,112.209339347824,"RPS19;RPS8;RPS27A"
"Reactome_2016.185","Cell death signalling via NRAGE, NRIF and NADE Homo sapiens R-HSA-204998","2/61",0.00262383153895407,0.0216997959708093,0,0,26.2295081967213,155.885104526031,"UBB;RPS27A"
"Reactome_2016.188","Autodegradation of Cdh1 by Cdh1:APC/C Homo sapiens R-HSA-174084","2/62",0.00270922146673413,0.0220484512984214,0,0,25.8064516129032,152.544360439012,"UBB;RPS27A"
"Reactome_2016.193","Asymmetric localization of PCP proteins Homo sapiens R-HSA-4608870","2/63",0.00279591112292461,0.0221644767775889,0,0,25.3968253968254,149.323104567333,"UBB;RPS27A"
"Reactome_2016.187","Gap-filling DNA repair synthesis and ligation in TC-NER Homo sapiens R-HSA-6782210","2/62",0.00270922146673413,0.0221663574550974,0,0,25.8064516129032,152.544360439012,"UBB;RPS27A"
"Reactome_2016.192","p53-Dependent G1 DNA Damage Response Homo sapiens R-HSA-69563","2/63",0.00279591112292461,0.0222799167608055,0,0,25.3968253968254,149.323104567333,"UBB;RPS27A"
"Reactome_2016.191","p53-Dependent G1/S DNA damage checkpoint Homo sapiens R-HSA-69580","2/63",0.00279591112292461,0.0223965655396579,0,0,25.3968253968254,149.323104567333,"UBB;RPS27A"
"Reactome_2016.210","FRS-mediated FGFR1 signaling Homo sapiens R-HSA-5654693","3/236",0.00307979118529422,0.0224384786357151,0,0,10.1694915254237,58.8090862502783,"CAMK2B;UBB;RPS27A"
"KEGG_2019_Mouse.22","Cocaine addiction","2/48",0.00163346569393314,0.0224972775118973,0,0,33.3333333333333,213.901710957169,"GPSM1;GRIA2"
"Reactome_2016.190","Dual incision in TC-NER Homo sapiens R-HSA-6782135","2/63",0.00279591112292461,0.0225144422003929,0,0,25.3968253968254,149.323104567333,"UBB;RPS27A"
"Reactome_2016.209","FRS-mediated FGFR3 signaling Homo sapiens R-HSA-5654706","3/236",0.00307979118529422,0.0225458397775127,0,0,10.1694915254237,58.8090862502783,"CAMK2B;UBB;RPS27A"
"Reactome_2016.195","Hedgehog ligand biogenesis Homo sapiens R-HSA-5358346","2/64",0.00288389739057921,0.0226275026030061,0,0,25,146.21531597621,"UBB;RPS27A"
"Reactome_2016.189","Circadian Clock Homo sapiens R-HSA-400253","2/63",0.00279591112292461,0.0226335662331992,0,0,25.3968253968254,149.323104567333,"UBB;RPS27A"
"Reactome_2016.208","FRS-mediated FGFR4 signaling Homo sapiens R-HSA-5654712","3/236",0.00307979118529422,0.0226542332379816,0,0,10.1694915254237,58.8090862502783,"CAMK2B;UBB;RPS27A"
"Reactome_2016.213","Signaling by PTK6 Homo sapiens R-HSA-8848021","2/67",0.003155604765713,0.0226670201480793,0,0,23.8805970149254,137.518211737423,"UBB;RPS27A"
"Reactome_2016.215","Signalling to p38 via RIT and RIN Homo sapiens R-HSA-187706","3/239",0.00319137379980277,0.0227107065753407,0,0,10.0418410041841,57.7135109286693,"CAMK2B;UBB;RPS27A"
"Reactome_2016.194","HDR through Homologous Recombination (HRR) Homo sapiens R-HSA-5685942","2/64",0.00288389739057921,0.0227441392143618,0,0,25,146.21531597621,"UBB;RPS27A"
"Reactome_2016.207","FRS-mediated FGFR2 signaling Homo sapiens R-HSA-5654700","3/236",0.00307979118529422,0.0227636739782617,0,0,10.1694915254237,58.8090862502783,"CAMK2B;UBB;RPS27A"
"Reactome_2016.212","Assembly of the pre-replicative complex Homo sapiens R-HSA-68867","2/67",0.003155604765713,0.0227739400544382,0,0,23.8805970149254,137.518211737423,"UBB;RPS27A"
"Reactome_2016.206","Gene Expression Homo sapiens R-HSA-74160","7/1631",0.00306723187484569,0.0227808969345335,0,0,3.43347639484979,19.8694585186706,"UBB;RPS19;RPS8;COX4I1;PRKCA;RPS27A;COX7C"
"Reactome_2016.214","ARMS-mediated activation Homo sapiens R-HSA-170984","3/239",0.00319137379980277,0.0228168313724217,0,0,10.0418410041841,57.7135109286693,"CAMK2B;UBB;RPS27A"
"Reactome_2016.205","Cytosolic sensors of pathogen-associated DNA Homo sapiens R-HSA-1834949","2/66",0.00306374731614269,0.0228660165546259,0,0,24.2424242424242,140.317975736396,"UBB;RPS27A"
"Reactome_2016.216","Frs2-mediated activation Homo sapiens R-HSA-170968","3/240",0.00322911534654081,0.0228729003713308,0,0,10,57.3554706578121,"CAMK2B;UBB;RPS27A"
"Reactome_2016.211","Regulation of RAS by GAPs Homo sapiens R-HSA-5658442","2/67",0.003155604765713,0.0228818734196251,0,0,23.8805970149254,137.518211737423,"UBB;RPS27A"
"Reactome_2016.217","Cyclin E associated events during G1/S transition Homo sapiens R-HSA-69202","2/68",0.00324874640989989,0.0229059078670361,0,0,23.5294117647059,134.811437107774,"UBB;RPS27A"
"Reactome_2016.218","MAPK1/MAPK3 signaling Homo sapiens R-HSA-5684996","3/241",0.00326713167797652,0.0229298691160737,0,0,9.95850622406639,57.0009245646832,"CAMK2B;UBB;RPS27A"
"BioPlanet_2019.61","Myometrial relaxation and contraction pathways","3/155",0.000926425740688851,0.0229328339088552,0,0,15.4838709677419,108.142090309376,"CAMK2B;PRKCA;CALM2"
"Reactome_2016.204","Activation of NF-kappaB in B cells Homo sapiens R-HSA-1169091","2/66",0.00306374731614269,0.0229781048710702,0,0,24.2424242424242,140.317975736396,"UBB;RPS27A"
"Reactome_2016.202","RAF/MAP kinase cascade Homo sapiens R-HSA-5673001","3/235",0.00304314207745394,0.0230495414777452,0,0,10.2127659574468,59.1815971325438,"CAMK2B;UBB;RPS27A"
"Reactome_2016.197","G1/S DNA Damage Checkpoints Homo sapiens R-HSA-69615","2/65",0.00297317715725662,0.0230911728456987,0,0,24.6153846153846,143.215363643672,"UBB;RPS27A"
"Reactome_2016.203","APC/C:Cdc20 mediated degradation of Securin Homo sapiens R-HSA-174154","2/66",0.00306374731614269,0.023091297505903,0,0,24.2424242424242,140.317975736396,"UBB;RPS27A"
"Reactome_2016.219","Prolonged ERK activation events Homo sapiens R-HSA-169893","3/242",0.00330542345750565,0.023092684429149,0,0,9.91735537190083,56.6498250006,"CAMK2B;UBB;RPS27A"
"Reactome_2016.221","Signaling by Leptin Homo sapiens R-HSA-2586552","3/243",0.00334399134495923,0.0231507093112562,0,0,9.87654320987654,56.3021251554857,"CAMK2B;UBB;RPS27A"
"Reactome_2016.201","SHC1 events in ERBB4 signaling Homo sapiens R-HSA-1250347","3/235",0.00304314207745394,0.0231642158134554,0,0,10.2127659574468,59.1815971325438,"CAMK2B;UBB;RPS27A"
"Reactome_2016.196","ER-Phagosome pathway Homo sapiens R-HSA-1236974","2/65",0.00297317715725662,0.0232089849520543,0,0,24.6153846153846,143.215363643672,"UBB;RPS27A"
"Reactome_2016.220","Cyclin A:Cdk2-associated events at S phase entry Homo sapiens R-HSA-69656","2/69",0.0033431691568994,0.0232502218638913,0,0,23.1884057971014,132.193300231779,"UBB;RPS27A"
"Reactome_2016.200","SOS-mediated signalling Homo sapiens R-HSA-112412","3/235",0.00304314207745394,0.0232800368925227,0,0,10.2127659574468,59.1815971325438,"CAMK2B;UBB;RPS27A"
"Reactome_2016.199","SHC1 events in EGFR signaling Homo sapiens R-HSA-180336","3/235",0.00304314207745394,0.0233970220025353,0,0,10.2127659574468,59.1815971325438,"CAMK2B;UBB;RPS27A"
"Reactome_2016.224","Orc1 removal from chromatin Homo sapiens R-HSA-68949","2/70",0.00343886992048442,0.0234887097247373,0,0,22.8571428571429,129.659711384129,"UBB;RPS27A"
"Reactome_2016.198","GRB2 events in EGFR signaling Homo sapiens R-HSA-179812","3/235",0.00304314207745394,0.0235151887803259,0,0,10.2127659574468,59.1815971325438,"CAMK2B;UBB;RPS27A"
"Reactome_2016.225","Signalling to RAS Homo sapiens R-HSA-167044","3/246",0.00346135820401248,0.0235372357872849,0,0,9.75609756097561,55.278968023665,"CAMK2B;UBB;RPS27A"
"Reactome_2016.222","Interleukin receptor SHC signaling Homo sapiens R-HSA-912526","3/245",0.0034219580666707,0.0235837650540819,0,0,9.79591836734694,55.6167414624833,"CAMK2B;UBB;RPS27A"
"Reactome_2016.223","Switching of origins to a post-replicative state Homo sapiens R-HSA-69052","2/70",0.00343886992048442,0.0235940402616196,0,0,22.8571428571429,129.659711384129,"UBB;RPS27A"
"BioPlanet_2019.62","Activation of NMDA receptor upon glutamate binding and postsynaptic events","2/37",0.000972589162411071,0.0236872521813019,0,0,43.2432432432432,299.915623911835,"CAMK2B;GRIA2"
"Reactome_2016.227","Cdc20:Phospho-APC/C mediated degradation of Cyclin A Homo sapiens R-HSA-174184","2/71",0.00353584562017578,0.0238319110082332,0,0,22.5352112676056,127.206823540561,"UBB;RPS27A"
"Reactome_2016.233","TRAF6 Mediated Induction of proinflammatory cytokines Homo sapiens R-HSA-168180","2/72",0.00363409318005723,0.0238633586501612,0,0,22.2222222222222,124.831014847875,"UBB;RPS27A"
"Reactome_2016.226","APC/C:Cdh1 mediated degradation of Cdc20 and other APC/C:Cdh1 targeted proteins in late mitosis/early G1 Homo sapiens R-HSA-174178","2/71",0.00353584562017578,0.023937361941898,0,0,22.5352112676056,127.206823540561,"UBB;RPS27A"
"Reactome_2016.232","Removal of licensing factors from origins Homo sapiens R-HSA-69300","2/72",0.00363409318005723,0.0239662179546878,0,0,22.2222222222222,124.831014847875,"UBB;RPS27A"
"Reactome_2016.231","APC:Cdc20 mediated degradation of cell cycle proteins prior to satisfation of the cell cycle checkpoint Homo sapiens R-HSA-179419","2/72",0.00363409318005723,0.0240699678159635,0,0,22.2222222222222,124.831014847875,"UBB;RPS27A"
"Reactome_2016.230","Signaling by NOTCH1 Homo sapiens R-HSA-1980143","2/72",0.00363409318005723,0.0241746198499459,0,0,22.2222222222222,124.831014847875,"UBB;RPS27A"
"Reactome_2016.234","Interleukin-2 signaling Homo sapiens R-HSA-451927","3/252",0.00370363443024633,0.0242160712746875,0,0,9.52380952380952,53.3184825048265,"CAMK2B;UBB;RPS27A"
"Reactome_2016.236","Signalling to ERKs Homo sapiens R-HSA-187687","3/253",0.00374499896304956,0.0242790187011264,0,0,9.48616600790514,53.0023772860297,"CAMK2B;UBB;RPS27A"
"Reactome_2016.229","Antiviral mechanism by IFN-stimulated genes Homo sapiens R-HSA-1169410","2/72",0.00363409318005723,0.0242801858754915,0,0,22.2222222222222,124.831014847875,"UBB;RPS27A"
"Reactome_2016.235","Signaling by TGF-beta Receptor Complex Homo sapiens R-HSA-170834","2/73",0.00373360953016433,0.024308181196389,0,0,21.9178082191781,122.528872565297,"UBB;RPS27A"
"Reactome_2016.228","ISG15 antiviral mechanism Homo sapiens R-HSA-1169408","2/72",0.00363409318005723,0.0243866779188051,0,0,22.2222222222222,124.831014847875,"UBB;RPS27A"
"BioPlanet_2019.63","Cyclin D-associated events in G1","2/38",0.00102583671197477,0.0245875148425699,0,0,42.1052631578947,289.778808211425,"UBB;RPS27A"
"Reactome_2016.237","APC/C:Cdc20 mediated degradation of mitotic proteins Homo sapiens R-HSA-176409","2/74",0.00383439160396543,0.0247536673167389,0,0,21.6216216216216,120.297178373661,"UBB;RPS27A"
"Reactome_2016.239","Regulation of DNA replication Homo sapiens R-HSA-69304","2/75",0.00393643634255387,0.025199780770324,0,0,21.3333333333333,118.132894859688,"UBB;RPS27A"
"Reactome_2016.238","Activation of APC/C and APC/C:Cdc20 mediated degradation of mitotic proteins Homo sapiens R-HSA-176814","2/75",0.00393643634255387,0.025305662202132,0,0,21.3333333333333,118.132894859688,"UBB;RPS27A"
"Reactome_2016.240","Transcription-Coupled Nucleotide Excision Repair (TC-NER) Homo sapiens R-HSA-6781827","2/76",0.00403974068962287,0.0257533468963458,0,0,21.0526315789474,116.03315315381,"UBB;RPS27A"
"Reactome_2016.241","Interleukin-3, 5 and GM-CSF signaling Homo sapiens R-HSA-512988","3/261",0.00408616028167725,0.02594118353098,0,0,9.19540229885057,50.5760878741892,"CAMK2B;UBB;RPS27A"
"Reactome_2016.242","Senescence-Associated Secretory Phenotype (SASP) Homo sapiens R-HSA-2559582","2/77",0.00414430159634635,0.0262015762083054,0,0,20.7792207792208,113.995241509239,"UBB;RPS27A"
"BioPlanet_2019.64","Negative regulation of FGFR signaling","2/40",0.00113645695364688,0.026813281250106,0,0,40,271.193591665384,"UBB;RPS27A"
"BioPlanet_2019.67","Transcriptional activity of SMAD2/SMAD3-SMAD4 heterotrimer","2/41",0.00119382316169137,0.0269055667784174,0,0,39.0243902439024,262.657341688453,"UBB;RPS27A"
"KEGG_2019_Mouse.24","Endocrine and other factor-regulated calcium reabsorption","2/55",0.00213896150042779,0.0270043889429008,0,0,29.0909090909091,178.834468302803,"PRKCA;ATP1B1"
"Reactome_2016.246","RIG-I/MDA5 mediated induction of IFN-alpha/beta pathways Homo sapiens R-HSA-168928","2/79",0.00435718091133629,0.0270995398144087,0,0,20.253164556962,110.094785027097,"UBB;RPS27A"
"Reactome_2016.243","NCAM signaling for neurite out-growth Homo sapiens R-HSA-375165","3/266",0.00430872701439947,0.0271290219425152,0,0,9.02255639097744,49.1468821784713,"CAMK2B;UBB;RPS27A"
"BioPlanet_2019.65","Interferon signaling","3/168",0.00116883430996422,0.0271529201237841,0,0,14.2857142857143,96.4535477585048,"CAMK2B;UBB;RPS27A"
"BioPlanet_2019.66","Alzheimer's disease","3/169",0.00118897876496451,0.0272023929560062,0,0,14.2011834319527,95.6401494107739,"COX4I1;COX7C;CALM2"
"Reactome_2016.245","Regulation of APC/C activators between G1/S and early anaphase Homo sapiens R-HSA-176408","2/79",0.00435718091133629,0.0272101501809981,0,0,20.253164556962,110.094785027097,"UBB;RPS27A"
"Reactome_2016.247","M Phase Homo sapiens R-HSA-68886","3/268",0.0043997863554472,0.0272537373434584,0,0,8.95522388059701,48.5928295058235,"UBB;PRKCA;RPS27A"
"Reactome_2016.244","Glucose metabolism Homo sapiens R-HSA-70326","2/79",0.00435718091133629,0.0273216671899366,0,0,20.253164556962,110.094785027097,"UBB;RPS27A"
"BioPlanet_2019.69","VEGF, hypoxia, and angiogenesis","2/42",0.00125255578049936,0.0274110033123773,0,0,38.0952380952381,254.574064406404,"CAMK2B;PRKCA"
"BioPlanet_2019.68","Aldosterone-regulated sodium reabsorption","2/42",0.00125255578049936,0.0278141063022652,0,0,38.0952380952381,254.574064406404,"PRKCA;ATP1B1"
"Reactome_2016.256","MyD88 cascade initiated on plasma membrane Homo sapiens R-HSA-975871","2/82",0.00468584812310647,0.0280052641732535,0,0,19.5121951219512,104.647967808725,"UBB;RPS27A"
"Reactome_2016.255","Toll Like Receptor 5 (TLR5) Cascade Homo sapiens R-HSA-168176","2/82",0.00468584812310647,0.0281150887386388,0,0,19.5121951219512,104.647967808725,"UBB;RPS27A"
"Reactome_2016.248","Processing of DNA double-strand break ends Homo sapiens R-HSA-5693607","2/81",0.00457504999183403,0.02822510680446,0,0,19.7530864197531,106.412595617531,"UBB;RPS27A"
"Reactome_2016.254","Toll Like Receptor 10 (TLR10) Cascade Homo sapiens R-HSA-168142","2/82",0.00468584812310647,0.0282257780643815,0,0,19.5121951219512,104.647967808725,"UBB;RPS27A"
"Reactome_2016.253","M/G1 Transition Homo sapiens R-HSA-68874","2/82",0.00468584812310647,0.0283373424045569,0,0,19.5121951219512,104.647967808725,"UBB;RPS27A"
"Reactome_2016.252","DNA Replication Pre-Initiation Homo sapiens R-HSA-69002","2/82",0.00468584812310647,0.0284497921760036,0,0,19.5121951219512,104.647967808725,"UBB;RPS27A"
"Reactome_2016.258","TRAF6 mediated induction of NFkB and MAP kinases upon TLR7/8 or 9 activation Homo sapiens R-HSA-975138","2/83",0.00479788462118455,0.0284525715907456,0,0,19.2771084337349,102.931665775936,"UBB;RPS27A"
"Reactome_2016.251","Antigen processing-Cross presentation Homo sapiens R-HSA-1236975","2/82",0.00468584812310647,0.0285631379615653,0,0,19.5121951219512,104.647967808725,"UBB;RPS27A"
"Reactome_2016.257","p75 NTR receptor-mediated signalling Homo sapiens R-HSA-193704","2/83",0.00479788462118455,0.0285632819860403,0,0,19.2771084337349,102.931665775936,"UBB;RPS27A"
"Reactome_2016.250","Degradation of beta-catenin by the destruction complex Homo sapiens R-HSA-195253","2/82",0.00468584812310647,0.0286773905134116,0,0,19.5121951219512,104.647967808725,"UBB;RPS27A"
"Reactome_2016.249","Global Genome Nucleotide Excision Repair (GG-NER) Homo sapiens R-HSA-5696399","2/82",0.00468584812310647,0.0287925607564373,0,0,19.5121951219512,104.647967808725,"UBB;RPS27A"
"Reactome_2016.259","TP53 Regulates Metabolic Genes Homo sapiens R-HSA-5628897","2/84",0.0049111564710162,0.0290118509677791,0,0,19.047619047619,101.26182535424,"COX4I1;COX7C"
"Reactome_2016.264","Toll Like Receptor 7/8 (TLR7/8) Cascade Homo sapiens R-HSA-168181","2/85",0.00502566066509636,0.0291259879454448,0,0,18.8235294117647,99.6366749748348,"UBB;RPS27A"
"Reactome_2016.263","MyD88 dependent cascade initiated on endosome Homo sapiens R-HSA-975155","2/85",0.00502566066509636,0.0292367331467583,0,0,18.8235294117647,99.6366749748348,"UBB;RPS27A"
"Reactome_2016.262","Regulation of mitotic cell cycle Homo sapiens R-HSA-453276","2/85",0.00502566066509636,0.0293483237312879,0,0,18.8235294117647,99.6366749748348,"UBB;RPS27A"
"Reactome_2016.261","APC/C-mediated degradation of cell cycle proteins Homo sapiens R-HSA-174143","2/85",0.00502566066509636,0.0294607694160821,0,0,18.8235294117647,99.6366749748348,"UBB;RPS27A"
"Reactome_2016.260","Hedgehog 'on' state Homo sapiens R-HSA-5632684","2/85",0.00502566066509636,0.0295740800676824,0,0,18.8235294117647,99.6366749748348,"UBB;RPS27A"
"Reactome_2016.266","IRS-mediated signalling Homo sapiens R-HSA-112399","3/284",0.00517070344418615,0.0297412641714467,0,0,8.45070422535211,44.4908158057372,"CAMK2B;UBB;RPS27A"
"BioPlanet_2019.70","Calcium signaling pathway","3/178",0.00138022733531332,0.0297734753760444,0,0,13.4831460674157,88.7933535862406,"CAMK2B;PRKCA;CALM2"
"Reactome_2016.265","MAPK family signaling cascades Homo sapiens R-HSA-5683057","3/284",0.00517070344418615,0.0298534953569993,0,0,8.45070422535211,44.4908158057372,"CAMK2B;UBB;RPS27A"
"Reactome_2016.267","Regulation of PLK1 Activity at G2/M Transition Homo sapiens R-HSA-2565942","2/87",0.00525835407058252,0.030132141303338,0,0,18.3908045977011,96.5137878719697,"UBB;RPS27A"
"Reactome_2016.273","Toll Like Receptor 9 (TLR9) Cascade Homo sapiens R-HSA-168138","2/88",0.00537653728971972,0.0301322419533742,0,0,18.1818181818182,95.0129225176548,"UBB;RPS27A"
"Reactome_2016.272","Respiratory electron transport Homo sapiens R-HSA-611105","2/88",0.00537653728971972,0.0302430222546734,0,0,18.1818181818182,95.0129225176548,"COX4I1;COX7C"
"Reactome_2016.274","FCERI mediated MAPK activation Homo sapiens R-HSA-2871796","3/289",0.00542730902099702,0.0303057766500928,0,0,8.30449826989619,43.3188526847205,"CAMK2B;UBB;RPS27A"
"Reactome_2016.271","IRS-related events triggered by IGF1R Homo sapiens R-HSA-2428928","3/288",0.00537538296871089,0.0303481031074822,0,0,8.33333333333333,43.5493788126154,"CAMK2B;UBB;RPS27A"
"Reactome_2016.268","Insulin receptor signalling cascade Homo sapiens R-HSA-74751","3/287",0.00532375990106229,0.0303931068978556,0,0,8.36236933797909,43.7818158350182,"CAMK2B;UBB;RPS27A"
"Reactome_2016.270","Signaling by Type 1 Insulin-like Growth Factor 1 Receptor (IGF1R) Homo sapiens R-HSA-2404192","3/288",0.00537538296871089,0.0304605034893617,0,0,8.33333333333333,43.5493788126154,"CAMK2B;UBB;RPS27A"
"Reactome_2016.269","IGF1R signaling cascade Homo sapiens R-HSA-2428924","3/288",0.00537538296871089,0.0305737395618129,0,0,8.33333333333333,43.5493788126154,"CAMK2B;UBB;RPS27A"
"Reactome_2016.275","Regulation of TP53 Activity through Phosphorylation Homo sapiens R-HSA-6804756","2/89",0.00549594086676622,0.0305774164587357,0,0,17.9775280898876,93.5504806012042,"UBB;RPS27A"
"Reactome_2016.277","Signaling by Wnt Homo sapiens R-HSA-195721","3/295",0.00574525644457431,0.0317337269321252,0,0,8.13559322033898,41.9746228946906,"UBB;PRKCA;RPS27A"
"KEGG_2019_Mouse.25","Long-term depression","2/61",0.00262383153895407,0.0318008382521233,0,0,26.2295081967213,155.885104526031,"GRIA2;PRKCA"
"Reactome_2016.282","Toll Like Receptor 2 (TLR2) Cascade Homo sapiens R-HSA-181438","2/92",0.00586144392718181,0.0318014510942843,0,0,17.3913043478261,89.3801617702564,"UBB;RPS27A"
"Reactome_2016.276","Oxidative Stress Induced Senescence Homo sapiens R-HSA-2559580","2/91",0.00573839716134802,0.0318106799161684,0,0,17.5824175824176,90.7353907310547,"UBB;RPS27A"
"Reactome_2016.281","Toll Like Receptor TLR6:TLR2 Cascade Homo sapiens R-HSA-168188","2/92",0.00586144392718181,0.0319146235181073,0,0,17.3913043478261,89.3801617702564,"UBB;RPS27A"
"Reactome_2016.280","Toll Like Receptor TLR1:TLR2 Cascade Homo sapiens R-HSA-168179","2/92",0.00586144392718181,0.0320286043163863,0,0,17.3913043478261,89.3801617702564,"UBB;RPS27A"
"Reactome_2016.283","Transmembrane transport of small molecules Homo sapiens R-HSA-382551","4/594",0.00593183756347119,0.0320696518449149,0,0,5.38720538720539,27.6224713167835,"CAMK2B;UBB;RPS27A;ATP1B1"
"Reactome_2016.279","MyD88:Mal cascade initiated on plasma membrane Homo sapiens R-HSA-166058","2/92",0.00586144392718181,0.0321434021813196,0,0,17.3913043478261,89.3801617702564,"UBB;RPS27A"
"Reactome_2016.278","MAPK6/MAPK4 signaling Homo sapiens R-HSA-5687128","2/92",0.00586144392718181,0.0322590259301733,0,0,17.3913043478261,89.3801617702564,"UBB;RPS27A"
"BioPlanet_2019.72","Regulation of transcription by NOTCH1 intracellular domain","2/47",0.00156660222343349,0.0328551299636746,0,0,34.0425531914894,219.875615106685,"UBB;RPS27A"
"BioPlanet_2019.71","Actions of nitric oxide in the heart","2/47",0.00156660222343349,0.0333178782730221,0,0,34.0425531914894,219.875615106685,"CAMK2B;CALM2"
"Reactome_2016.285","TNFR2 non-canonical NF-kB pathway Homo sapiens R-HSA-5668541","2/95",0.00623782308724123,0.0334872607841371,0,0,16.8421052631579,85.5094572074483,"UBB;RPS27A"
"Reactome_2016.284","Disinhibition of SNARE formation Homo sapiens R-HSA-114516","1/5",0.00623493907047315,0.0335896365416335,0,0,160,812.413835532065,"PRKCA"
"Reactome_2016.286","Cellular response to heat stress Homo sapiens R-HSA-3371556","2/96",0.0063656858988136,0.0340541937943525,0,0,16.6666666666667,84.2805548628489,"CAMK2B;UBB"
"Reactome_2016.290","TRIF-mediated TLR3/TLR4 signaling Homo sapiens R-HSA-937061","2/97",0.00649474533715331,0.0342653805718778,0,0,16.4948453608247,83.0806076484713,"UBB;RPS27A"
"Reactome_2016.289","Toll Like Receptor 3 (TLR3) Cascade Homo sapiens R-HSA-168164","2/97",0.00649474533715331,0.0343839459025763,0,0,16.4948453608247,83.0806076484713,"UBB;RPS27A"
"Reactome_2016.288","MyD88-independent TLR3/TLR4 cascade Homo sapiens R-HSA-166166","2/97",0.00649474533715331,0.034503334603627,0,0,16.4948453608247,83.0806076484713,"UBB;RPS27A"
"Reactome_2016.287","Synthesis of DNA Homo sapiens R-HSA-69239","2/97",0.00649474533715331,0.0346235552816884,0,0,16.4948453608247,83.0806076484713,"UBB;RPS27A"
"Reactome_2016.291","Signaling by Insulin receptor Homo sapiens R-HSA-74752","3/311",0.00664734114639019,0.0349499379861753,0,0,7.71704180064309,38.6896848762231,"CAMK2B;UBB;RPS27A"
"Reactome_2016.294","Hedgehog 'off' state Homo sapiens R-HSA-5610787","2/99",0.00675644232541165,0.0351610774077545,0,0,16.1616161616162,80.7637787585619,"UBB;RPS27A"
"Reactome_2016.293","Downstream TCR signaling Homo sapiens R-HSA-202424","2/99",0.00675644232541165,0.0352810810849141,0,0,16.1616161616162,80.7637787585619,"UBB;RPS27A"
"Reactome_2016.292","CLEC7A (Dectin-1) signaling Homo sapiens R-HSA-5607764","2/99",0.00675644232541165,0.0354019067050679,0,0,16.1616161616162,80.7637787585619,"UBB;RPS27A"
"Reactome_2016.295","Stimuli-sensing channels Homo sapiens R-HSA-2672351","2/100",0.00688907400282997,0.0357297736417961,0,0,16,79.645097604092,"UBB;RPS27A"
"Reactome_2016.296","DNA Replication Homo sapiens R-HSA-69306","2/105",0.00756994721109914,0.0391284433546679,0,0,15.2380952380952,74.4162923427325,"UBB;RPS27A"
"Reactome_2016.297","Signaling by ERBB4 Homo sapiens R-HSA-1236394","3/330",0.0078230983665494,0.0403008097670727,0,0,7.27272727272727,35.277633398832,"CAMK2B;UBB;RPS27A"
"Reactome_2016.298","Nucleotide Excision Repair Homo sapiens R-HSA-5696398","2/108",0.00799253817938771,0.0410355148136349,0,0,14.8148148148148,71.5443985205908,"UBB;RPS27A"
"Reactome_2016.299","Respiratory electron transport, ATP synthesis by chemiosmotic coupling, and heat production by uncoupling proteins. Homo sapiens R-HSA-163200","2/109",0.00813572894737989,0.0416309875902717,0,0,14.6788990825688,70.6273752074809,"COX4I1;COX7C"
"Reactome_2016.300","FCERI mediated NF-kB activation Homo sapiens R-HSA-2871837","2/111",0.00842558383702392,0.042970477568822,0,0,14.4144144144144,68.8501982988345,"UBB;RPS27A"
"Reactome_2016.303","Activated TLR4 signalling Homo sapiens R-HSA-166054","2/112",0.00857224220409961,0.0432855794464436,0,0,14.2857142857143,67.9889420929815,"UBB;RPS27A"
"Reactome_2016.302","G1/S Transition Homo sapiens R-HSA-69206","2/112",0.00857224220409961,0.0434289091797099,0,0,14.2857142857143,67.9889420929815,"UBB;RPS27A"
"KEGG_2019_Mouse.26","Thyroid hormone synthesis","2/73",0.00373360953016433,0.0435109110630689,0,0,21.9178082191781,122.528872565297,"PRKCA;ATP1B1"
"Reactome_2016.301","HDR through Homologous Recombination (HR) or Single Strand Annealing (SSA) Homo sapiens R-HSA-5693567","2/112",0.00857224220409961,0.043573191270008,0,0,14.2857142857143,67.9889420929815,"UBB;RPS27A"
"BioPlanet_2019.73","Antigen-activated B-cell receptor generation of second messengers","3/211",0.00224337342470913,0.0464040256343944,0,0,11.3744075829384,69.3813219277187,"CAMK2B;PRKCA;CALM2"
"Reactome_2016.305","TCR signaling Homo sapiens R-HSA-202403","2/118",0.00947624482396594,0.0475365723956324,0,0,13.5593220338983,63.1724360244763,"UBB;RPS27A"
"Reactome_2016.304","Homology Directed Repair Homo sapiens R-HSA-5693538","2/118",0.00947624482396594,0.0476929426995654,0,0,13.5593220338983,63.1724360244763,"UBB;RPS27A"
"Reactome_2016.306","Metabolism of proteins Homo sapiens R-HSA-392499","5/1074",0.00956680971366244,0.0478340485683122,0,0,3.7243947858473,17.316407792733,"UBB;RPS19;RPS8;RPS27A;ITM2B"
"Reactome_2016.307","HuR (ELAVL1) binds and stabilizes mRNA Homo sapiens R-HSA-450520","1/8",0.0099579917015561,0.0496277762325109,0,0,100,460.937986410693,"PRKCA"
